[
 {
  "cpl": 122,
  "filePath": "src\\dbDomains\\dbdJiraField.ts",
  "pos": 6853
 },
 {
  "cpl": 3,
  "filePath": "src\\dbDomains\\dbdJiraField.ts",
  "pos": 7745
 },
 {
  "cpl": 4,
  "filePath": "src\\dbDomains\\dbdJiraField.ts",
  "pos": 9543
 },
 {
  "cpl": 5,
  "filePath": "src\\dbDomains\\dbdJiraField.ts",
  "pos": 9993
 },
 {
  "cpl": 6,
  "filePath": "src\\dbDomains\\dbdJiraField.ts",
  "pos": 10308
 },
 {
  "cpl": 7,
  "filePath": "src\\dbDomains\\dbdJiraField.ts",
  "pos": 10422
 },
 {
  "cpl": 8,
  "filePath": "src\\dbDomains\\dbdJiraIssue.ts",
  "pos": 2959
 },
 {
  "cpl": 9,
  "filePath": "src\\dbDomains\\dbdJiraIssue.ts",
  "pos": 4000
 },
 {
  "cpl": 10,
  "filePath": "src\\dbDomains\\dbdJiraIssue.ts",
  "pos": 5087
 },
 {
  "cpl": 11,
  "filePath": "src\\dbDomains\\dbdJiraIssue.ts",
  "pos": 8372
 },
 {
  "cpl": 214,
  "filePath": "src\\dbDomains\\dbdJiraIssue.ts",
  "pos": 8565
 },
 {
  "cpl": 215,
  "filePath": "src\\dbDomains\\dbdJiraIssue.ts",
  "pos": 8756
 },
 {
  "cpl": 216,
  "filePath": "src\\dbDomains\\dbdJiraIssue.ts",
  "pos": 8968
 },
 {
  "cpl": 217,
  "filePath": "src\\dbDomains\\dbdJiraIssue.ts",
  "pos": 9105
 },
 {
  "cpl": 258,
  "filePath": "src\\dbDomains\\dbdJiraIssue.ts",
  "pos": 9303
 },
 {
  "cpl": 259,
  "filePath": "src\\dbDomains\\dbdJiraIssue.ts",
  "pos": 9520
 },
 {
  "cpl": 260,
  "filePath": "src\\dbDomains\\dbdJiraIssue.ts",
  "pos": 9663
 },
 {
  "cpl": 261,
  "filePath": "src\\dbDomains\\dbdJiraIssue.ts",
  "pos": 9867
 },
 {
  "cpl": 262,
  "filePath": "src\\dbDomains\\dbdJiraIssue.ts",
  "pos": 10079
 },
 {
  "cpl": 263,
  "filePath": "src\\dbDomains\\dbdJiraIssue.ts",
  "pos": 10219
 },
 {
  "cpl": 264,
  "filePath": "src\\dbDomains\\dbdJiraIssue.ts",
  "pos": 10404
 },
 {
  "cpl": 265,
  "filePath": "src\\dbDomains\\dbdJiraIssue.ts",
  "pos": 10611
 },
 {
  "cpl": 266,
  "filePath": "src\\dbDomains\\dbdJiraIssue.ts",
  "pos": 10747
 },
 {
  "cpl": 267,
  "filePath": "src\\dbDomains\\dbdJiraIssue.ts",
  "pos": 10935
 },
 {
  "cpl": 268,
  "filePath": "src\\dbDomains\\dbdJiraIssue.ts",
  "pos": 11144
 },
 {
  "cpl": 269,
  "filePath": "src\\dbDomains\\dbdJiraIssue.ts",
  "pos": 11283
 },
 {
  "cpl": 270,
  "filePath": "src\\dbDomains\\dbdJiraIssue.ts",
  "pos": 11481
 },
 {
  "cpl": 271,
  "filePath": "src\\dbDomains\\dbdJiraIssue.ts",
  "pos": 11698
 },
 {
  "cpl": 272,
  "filePath": "src\\dbDomains\\dbdJiraIssue.ts",
  "pos": 11791
 },
 {
  "cpl": 218,
  "filePath": "src\\dbDomains\\dbdJiraIssue.ts",
  "pos": 11960
 },
 {
  "cpl": 219,
  "filePath": "src\\dbDomains\\dbdJiraIssue.ts",
  "pos": 12426
 },
 {
  "cpl": 33,
  "filePath": "src\\dbDomains\\dbdJiraIssue.ts",
  "pos": 12624
 },
 {
  "cpl": 34,
  "filePath": "src\\dbDomains\\dbdJiraIssue.ts",
  "pos": 12938
 },
 {
  "cpl": 35,
  "filePath": "src\\dbDomains\\dbdJiraIssue.ts",
  "pos": 13032
 },
 {
  "cpl": 36,
  "filePath": "src\\dbDomains\\dbdJiraIssue.ts",
  "pos": 13149
 },
 {
  "cpl": 37,
  "filePath": "src\\dbDomains\\dbdJiraIssue.ts",
  "pos": 13305
 },
 {
  "cpl": 38,
  "filePath": "src\\dbDomains\\dbdJiraIssue.ts",
  "pos": 13588
 },
 {
  "cpl": 202,
  "filePath": "src\\dbDomains\\dbdLinkItem.ts",
  "pos": 4178
 },
 {
  "cpl": 39,
  "filePath": "src\\dbDomains\\dbDomain.ts",
  "pos": 8111
 },
 {
  "cpl": 40,
  "filePath": "src\\dbDomains\\dbDomain.ts",
  "pos": 8663
 },
 {
  "cpl": 41,
  "filePath": "src\\dbDomains\\dbDomain.ts",
  "pos": 8858
 },
 {
  "cpl": 42,
  "filePath": "src\\dbDomains\\dbDomain.ts",
  "pos": 10646
 },
 {
  "cpl": 43,
  "filePath": "src\\dbDomains\\dbDomain.ts",
  "pos": 12808
 },
 {
  "cpl": 44,
  "filePath": "src\\entry_scripts\\debugfm.ts",
  "pos": 1183
 },
 {
  "cpl": 45,
  "filePath": "src\\entry_scripts\\debugfm.ts",
  "pos": 1248
 },
 {
  "cpl": 46,
  "filePath": "src\\entry_scripts\\debugfm.ts",
  "pos": 1841
 },
 {
  "cpl": 47,
  "filePath": "src\\entry_scripts\\debugfm.ts",
  "pos": 2191
 },
 {
  "cpl": 48,
  "filePath": "src\\entry_scripts\\debugfm.ts",
  "pos": 2346
 },
 {
  "cpl": 49,
  "filePath": "src\\entry_scripts\\debugfm.ts",
  "pos": 2556
 },
 {
  "cpl": 50,
  "filePath": "src\\entry_scripts\\debugfm.ts",
  "pos": 2735
 },
 {
  "cpl": 51,
  "filePath": "src\\entry_scripts\\debugfm.ts",
  "pos": 2801
 },
 {
  "cpl": 52,
  "filePath": "src\\entry_scripts\\debugfm.ts",
  "pos": 2930
 },
 {
  "cpl": 53,
  "filePath": "src\\entry_scripts\\debugfm.ts",
  "pos": 3015
 },
 {
  "cpl": 54,
  "filePath": "src\\entry_scripts\\debugfm.ts",
  "pos": 3178
 },
 {
  "cpl": 55,
  "filePath": "src\\entry_scripts\\debugfm.ts",
  "pos": 3345
 },
 {
  "cpl": 56,
  "filePath": "src\\entry_scripts\\debugfm.ts",
  "pos": 3443
 },
 {
  "cpl": 57,
  "filePath": "src\\entry_scripts\\debugfm.ts",
  "pos": 3487
 },
 {
  "cpl": 60,
  "filePath": "src\\entry_scripts\\deploy.ts",
  "pos": 1860
 },
 {
  "cpl": 61,
  "filePath": "src\\entry_scripts\\deploy.ts",
  "pos": 1974
 },
 {
  "cpl": 147,
  "filePath": "src\\entry_scripts\\deploy.ts",
  "pos": 2096
 },
 {
  "cpl": 62,
  "filePath": "src\\entry_scripts\\deploy.ts",
  "pos": 2307
 },
 {
  "cpl": 63,
  "filePath": "src\\entry_scripts\\deploy.ts",
  "pos": 2517
 },
 {
  "cpl": 64,
  "filePath": "src\\entry_scripts\\deploy.ts",
  "pos": 2713
 },
 {
  "cpl": 65,
  "filePath": "src\\entry_scripts\\deploy.ts",
  "pos": 2993
 },
 {
  "cpl": 66,
  "filePath": "src\\entry_scripts\\deploy.ts",
  "pos": 3227
 },
 {
  "cpl": 67,
  "filePath": "src\\entry_scripts\\deploy.ts",
  "pos": 3497
 },
 {
  "cpl": 68,
  "filePath": "src\\entry_scripts\\deploy.ts",
  "pos": 3625
 },
 {
  "cpl": 69,
  "filePath": "src\\entry_scripts\\deploy.ts",
  "pos": 4677
 },
 {
  "cpl": 70,
  "filePath": "src\\entry_scripts\\deploy.ts",
  "pos": 4865
 },
 {
  "cpl": 71,
  "filePath": "src\\entry_scripts\\deploy.ts",
  "pos": 5090
 },
 {
  "cpl": 72,
  "filePath": "src\\entry_scripts\\deploy.ts",
  "pos": 5426
 },
 {
  "cpl": 73,
  "filePath": "src\\entry_scripts\\deploy.ts",
  "pos": 5807
 },
 {
  "cpl": 74,
  "filePath": "src\\entry_scripts\\deploy.ts",
  "pos": 5903
 },
 {
  "cpl": 75,
  "filePath": "src\\entry_scripts\\deploy.ts",
  "pos": 6607
 },
 {
  "cpl": 76,
  "filePath": "src\\entry_scripts\\deploy.ts",
  "pos": 6812
 },
 {
  "cpl": 77,
  "filePath": "src\\entry_scripts\\deploy.ts",
  "pos": 6889
 },
 {
  "cpl": 78,
  "filePath": "src\\entry_scripts\\deploy.ts",
  "pos": 7100
 },
 {
  "cpl": 79,
  "filePath": "src\\entry_scripts\\deploy.ts",
  "pos": 7439
 },
 {
  "cpl": 80,
  "filePath": "src\\entry_scripts\\deploy.ts",
  "pos": 7601
 },
 {
  "cpl": 81,
  "filePath": "src\\entry_scripts\\deploy.ts",
  "pos": 8066
 },
 {
  "cpl": 82,
  "filePath": "src\\entry_scripts\\deploy.ts",
  "pos": 8165
 },
 {
  "cpl": 83,
  "filePath": "src\\entry_scripts\\deploy.ts",
  "pos": 8307
 },
 {
  "cpl": 84,
  "filePath": "src\\entry_scripts\\deploy.ts",
  "pos": 8652
 },
 {
  "cpl": 85,
  "filePath": "src\\entry_scripts\\deploy.ts",
  "pos": 8725
 },
 {
  "cpl": 86,
  "filePath": "src\\entry_scripts\\deploy.ts",
  "pos": 8837
 },
 {
  "cpl": 87,
  "filePath": "src\\entry_scripts\\deploy.ts",
  "pos": 9013
 },
 {
  "cpl": 88,
  "filePath": "src\\entry_scripts\\deploy.ts",
  "pos": 9088
 },
 {
  "cpl": 89,
  "filePath": "src\\entry_scripts\\deploy.ts",
  "pos": 9290
 },
 {
  "cpl": 90,
  "filePath": "src\\entry_scripts\\drop_all.ts",
  "pos": 729
 },
 {
  "cpl": 91,
  "filePath": "src\\entry_scripts\\drop_all.ts",
  "pos": 888
 },
 {
  "cpl": 92,
  "filePath": "src\\entry_scripts\\drop_all.ts",
  "pos": 1086
 },
 {
  "cpl": 93,
  "filePath": "src\\entry_scripts\\drop_all.ts",
  "pos": 1127
 },
 {
  "cpl": 203,
  "filePath": "src\\entry_scripts\\loadJiraFields.ts",
  "pos": 1245
 },
 {
  "cpl": 204,
  "filePath": "src\\entry_scripts\\loadJiraFields.ts",
  "pos": 1294
 },
 {
  "cpl": 178,
  "filePath": "src\\entry_scripts\\reload.ts",
  "pos": 1129
 },
 {
  "cpl": 174,
  "filePath": "src\\entry_scripts\\reload.ts",
  "pos": 1220
 },
 {
  "cpl": 142,
  "filePath": "src\\entry_scripts\\reload.ts",
  "pos": 1301
 },
 {
  "cpl": 205,
  "filePath": "src\\entry_scripts\\reload.ts",
  "pos": 1900
 },
 {
  "cpl": 143,
  "filePath": "src\\entry_scripts\\reload.ts",
  "pos": 2179
 },
 {
  "cpl": 144,
  "filePath": "src\\entry_scripts\\reload.ts",
  "pos": 2681
 },
 {
  "cpl": 145,
  "filePath": "src\\entry_scripts\\reload.ts",
  "pos": 2789
 },
 {
  "cpl": 146,
  "filePath": "src\\entry_scripts\\reload.ts",
  "pos": 2868
 },
 {
  "cpl": 141,
  "filePath": "src\\entry_scripts\\run.ts",
  "pos": 1650
 },
 {
  "cpl": 212,
  "filePath": "src\\entry_scripts\\run.ts",
  "pos": 1936
 },
 {
  "cpl": 150,
  "filePath": "src\\entry_scripts\\run.ts",
  "pos": 2079
 },
 {
  "cpl": 151,
  "filePath": "src\\entry_scripts\\run.ts",
  "pos": 2481
 },
 {
  "cpl": 152,
  "filePath": "src\\entry_scripts\\run.ts",
  "pos": 2829
 },
 {
  "cpl": 153,
  "filePath": "src\\entry_scripts\\run.ts",
  "pos": 2960
 },
 {
  "cpl": 154,
  "filePath": "src\\entry_scripts\\run.ts",
  "pos": 3131
 },
 {
  "cpl": 155,
  "filePath": "src\\entry_scripts\\run.ts",
  "pos": 3228
 },
 {
  "cpl": 26,
  "filePath": "src\\entry_scripts\\run.ts",
  "pos": 3330
 },
 {
  "cpl": 280,
  "filePath": "src\\entry_scripts\\run.ts",
  "pos": 3446
 },
 {
  "cpl": 179,
  "filePath": "src\\entry_scripts\\run.ts",
  "pos": 3491
 },
 {
  "cpl": 180,
  "filePath": "src\\entry_scripts\\run.ts",
  "pos": 3809
 },
 {
  "cpl": 161,
  "filePath": "src\\entry_scripts\\run_refreshLoadStreams.ts",
  "pos": 1097
 },
 {
  "cpl": 157,
  "filePath": "src\\entry_scripts\\run_refreshLoadStreams.ts",
  "pos": 1240
 },
 {
  "cpl": 158,
  "filePath": "src\\entry_scripts\\run_refreshLoadStreams.ts",
  "pos": 1418
 },
 {
  "cpl": 159,
  "filePath": "src\\entry_scripts\\run_refreshLoadStreams.ts",
  "pos": 1558
 },
 {
  "cpl": 160,
  "filePath": "src\\entry_scripts\\run_refreshLoadStreams.ts",
  "pos": 1705
 },
 {
  "cpl": 162,
  "filePath": "src\\entry_scripts\\run_refreshLoadStreams.ts",
  "pos": 2647
 },
 {
  "cpl": 163,
  "filePath": "src\\entry_scripts\\run_refreshLoadStreams.ts",
  "pos": 2708
 },
 {
  "cpl": 164,
  "filePath": "src\\entry_scripts\\run_refreshLoadStreams.ts",
  "pos": 2830
 },
 {
  "cpl": 149,
  "filePath": "src\\entry_scripts\\run_scanForChangedIssueIds.ts",
  "pos": 1472
 },
 {
  "cpl": 165,
  "filePath": "src\\entry_scripts\\run_scanForChangedIssueIds.ts",
  "pos": 1796
 },
 {
  "cpl": 166,
  "filePath": "src\\entry_scripts\\run_scanForChangedIssueIds.ts",
  "pos": 2227
 },
 {
  "cpl": 172,
  "filePath": "src\\entry_scripts\\run_scanForChangedIssueIds.ts",
  "pos": 2377
 },
 {
  "cpl": 167,
  "filePath": "src\\entry_scripts\\run_scanForChangedIssueIds.ts",
  "pos": 3344
 },
 {
  "cpl": 168,
  "filePath": "src\\entry_scripts\\run_scanForChangedIssueIds.ts",
  "pos": 4471
 },
 {
  "cpl": 169,
  "filePath": "src\\entry_scripts\\run_scanForChangedIssueIds.ts",
  "pos": 5271
 },
 {
  "cpl": 170,
  "filePath": "src\\entry_scripts\\run_scanForChangedIssueIds.ts",
  "pos": 5421
 },
 {
  "cpl": 58,
  "filePath": "src\\jiraProxy\\index.ts",
  "pos": 1434
 },
 {
  "cpl": 2,
  "filePath": "src\\job\\IssueContext.ts",
  "pos": 763
 },
 {
  "cpl": 175,
  "filePath": "src\\job\\JobFieldsServer.ts",
  "pos": 8279
 },
 {
  "cpl": 226,
  "filePath": "src\\job\\JobFieldsServer.ts",
  "pos": 14059
 },
 {
  "cpl": 236,
  "filePath": "src\\job\\Job_issue.ts",
  "pos": 1281
 },
 {
  "cpl": 148,
  "filePath": "src\\job\\Job_issue.ts",
  "pos": 1497
 },
 {
  "cpl": 176,
  "filePath": "src\\job\\Job_issue.ts",
  "pos": 1564
 },
 {
  "cpl": 171,
  "filePath": "src\\job\\Job_issue.ts",
  "pos": 2436
 },
 {
  "cpl": 238,
  "filePath": "src\\job\\Job_issue.ts",
  "pos": 2566
 },
 {
  "cpl": 239,
  "filePath": "src\\job\\Job_issue.ts",
  "pos": 2771
 },
 {
  "cpl": 240,
  "filePath": "src\\job\\Job_issue.ts",
  "pos": 3062
 },
 {
  "cpl": 241,
  "filePath": "src\\job\\Job_issue.ts",
  "pos": 3286
 },
 {
  "cpl": 242,
  "filePath": "src\\job\\Job_issue.ts",
  "pos": 3517
 },
 {
  "cpl": 243,
  "filePath": "src\\job\\Job_issue.ts",
  "pos": 3683
 },
 {
  "cpl": 244,
  "filePath": "src\\job\\Job_issue.ts",
  "pos": 3913
 },
 {
  "cpl": 245,
  "filePath": "src\\job\\Job_issue.ts",
  "pos": 4148
 },
 {
  "cpl": 246,
  "filePath": "src\\job\\Job_issue.ts",
  "pos": 4311
 },
 {
  "cpl": 247,
  "filePath": "src\\job\\Job_issue.ts",
  "pos": 4522
 },
 {
  "cpl": 248,
  "filePath": "src\\job\\Job_issue.ts",
  "pos": 4743
 },
 {
  "cpl": 249,
  "filePath": "src\\job\\Job_issue.ts",
  "pos": 4902
 },
 {
  "cpl": 250,
  "filePath": "src\\job\\Job_issue.ts",
  "pos": 5116
 },
 {
  "cpl": 251,
  "filePath": "src\\job\\Job_issue.ts",
  "pos": 5339
 },
 {
  "cpl": 252,
  "filePath": "src\\job\\Job_issue.ts",
  "pos": 5501
 },
 {
  "cpl": 221,
  "filePath": "src\\job\\Job_issue.ts",
  "pos": 5725
 },
 {
  "cpl": 222,
  "filePath": "src\\job\\Job_issue.ts",
  "pos": 5956
 },
 {
  "cpl": 223,
  "filePath": "src\\job\\Job_issue.ts",
  "pos": 6117
 },
 {
  "cpl": 224,
  "filePath": "src\\job\\Job_issue.ts",
  "pos": 6332
 },
 {
  "cpl": 116,
  "filePath": "src\\job\\Job_issue.ts",
  "pos": 6557
 },
 {
  "cpl": 117,
  "filePath": "src\\job\\Job_issue.ts",
  "pos": 6727
 },
 {
  "cpl": 256,
  "filePath": "src\\job\\Job_issue.ts",
  "pos": 6822
 },
 {
  "cpl": 257,
  "filePath": "src\\job\\Job_issue.ts",
  "pos": 6908
 },
 {
  "cpl": 230,
  "filePath": "src\\job\\Job_jiraIssue.ts",
  "pos": 864
 },
 {
  "cpl": 229,
  "filePath": "src\\job\\Job_jiraIssue.ts",
  "pos": 1634
 },
 {
  "cpl": 182,
  "filePath": "src\\job\\Job_jiraIssue.ts",
  "pos": 1901
 },
 {
  "cpl": 127,
  "filePath": "src\\job\\Job_jiraIssue.ts",
  "pos": 2643
 },
 {
  "cpl": 128,
  "filePath": "src\\job\\Job_jiraIssue.ts",
  "pos": 2912
 },
 {
  "cpl": 123,
  "filePath": "src\\job\\Job_jiraIssue.ts",
  "pos": 3178
 },
 {
  "cpl": 231,
  "filePath": "src\\job\\Job_transformIssue.ts",
  "pos": 2327
 },
 {
  "cpl": 232,
  "filePath": "src\\job\\Job_transformIssue.ts",
  "pos": 2636
 },
 {
  "cpl": 156,
  "filePath": "src\\job\\Job_transformIssue.ts",
  "pos": 2815
 },
 {
  "cpl": 227,
  "filePath": "src\\job\\Job_transformIssue.ts",
  "pos": 3056
 },
 {
  "cpl": 228,
  "filePath": "src\\job\\Job_transformIssue.ts",
  "pos": 3429
 },
 {
  "cpl": 235,
  "filePath": "src\\job\\Job_transformIssue.ts",
  "pos": 3626
 },
 {
  "cpl": 220,
  "filePath": "src\\job\\Job_transformIssue.ts",
  "pos": 4678
 },
 {
  "cpl": 113,
  "filePath": "src\\monitoring_api\\issuesApi.ts",
  "pos": 1293
 },
 {
  "cpl": 125,
  "filePath": "src\\monitoring_api\\issueStatsApi.ts",
  "pos": 1929
 },
 {
  "cpl": 97,
  "filePath": "src\\monitoring_api\\issueStatsApi.ts",
  "pos": 2148
 },
 {
  "cpl": 184,
  "filePath": "src\\monitoring_api\\jobMakeStaleApi.ts",
  "pos": 723
 },
 {
  "cpl": 273,
  "filePath": "src\\monitoring_api\\jobMakeStaleApi.ts",
  "pos": 875
 },
 {
  "cpl": 233,
  "filePath": "src\\monitoring_api\\jobMakeStaleApi.ts",
  "pos": 1005
 },
 {
  "cpl": 126,
  "filePath": "src\\monitoring_api\\jobPauseApi.ts",
  "pos": 715
 },
 {
  "cpl": 20,
  "filePath": "src\\monitoring_api\\jobPauseApi.ts",
  "pos": 863
 },
 {
  "cpl": 281,
  "filePath": "src\\monitoring_api\\jobPauseApi.ts",
  "pos": 989
 },
 {
  "cpl": 102,
  "filePath": "src\\monitoring_api\\jobResumeApi.ts",
  "pos": 717
 },
 {
  "cpl": 213,
  "filePath": "src\\monitoring_api\\jobResumeApi.ts",
  "pos": 866
 },
 {
  "cpl": 187,
  "filePath": "src\\monitoring_api\\jobResumeApi.ts",
  "pos": 993
 },
 {
  "cpl": 286,
  "filePath": "src\\monitoring_api\\jobsApi.ts",
  "pos": 7712
 },
 {
  "cpl": 274,
  "filePath": "src\\monitoring_api\\jobStatsApi.ts",
  "pos": 2627
 },
 {
  "cpl": 13,
  "filePath": "src\\monitoring_api\\jobStatsApi.ts",
  "pos": 2844
 },
 {
  "cpl": 211,
  "filePath": "src\\monitoring_api\\logsApi.ts",
  "pos": 1271
 },
 {
  "cpl": 183,
  "filePath": "src\\monitoring_api\\startMonitoringServer.ts",
  "pos": 810
 },
 {
  "cpl": 225,
  "filePath": "src\\monitoring_api\\startMonitoringServer.ts",
  "pos": 2041
 },
 {
  "cpl": 282,
  "filePath": "src\\monitoring_api\\startMonitoringServer.ts",
  "pos": 2153
 },
 {
  "cpl": 283,
  "filePath": "src\\monitoring_api\\startMonitoringServer.ts",
  "pos": 2340
 },
 {
  "cpl": 94,
  "filePath": "src\\other\\Env.ts",
  "pos": 8454
 },
 {
  "cpl": 197,
  "filePath": "src\\other\\Env.ts",
  "pos": 8665
 },
 {
  "cpl": 198,
  "filePath": "src\\other\\Env.ts",
  "pos": 9533
 },
 {
  "cpl": 199,
  "filePath": "src\\other\\Env.ts",
  "pos": 9586
 },
 {
  "cpl": 306,
  "filePath": "src\\other\\Env.ts",
  "pos": 9640
 },
 {
  "cpl": 307,
  "filePath": "src\\other\\Env.ts",
  "pos": 10361
 },
 {
  "cpl": 308,
  "filePath": "src\\other\\Env.ts",
  "pos": 10456
 },
 {
  "cpl": 309,
  "filePath": "src\\other\\Env.ts",
  "pos": 11717
 },
 {
  "cpl": 310,
  "filePath": "src\\other\\Env.ts",
  "pos": 11806
 },
 {
  "cpl": 311,
  "filePath": "src\\other\\Env.ts",
  "pos": 12873
 },
 {
  "cpl": 110,
  "filePath": "src\\other\\Env.ts",
  "pos": 13355
 },
 {
  "cpl": 111,
  "filePath": "src\\other\\Env.ts",
  "pos": 13446
 },
 {
  "cpl": 112,
  "filePath": "src\\other\\Env.ts",
  "pos": 15158
 },
 {
  "cpl": 103,
  "filePath": "src\\other\\Env.ts",
  "pos": 15360
 },
 {
  "cpl": 104,
  "filePath": "src\\other\\Env.ts",
  "pos": 15524
 },
 {
  "cpl": 318,
  "filePath": "src\\other\\Env.ts",
  "pos": 16265
 },
 {
  "cpl": 98,
  "filePath": "src\\other\\Env.ts",
  "pos": 16406
 },
 {
  "cpl": 101,
  "filePath": "src\\other\\Env.ts",
  "pos": 17258
 },
 {
  "cpl": 114,
  "filePath": "src\\other\\Env.ts",
  "pos": 17712
 },
 {
  "cpl": 115,
  "filePath": "src\\other\\Env.ts",
  "pos": 17829
 },
 {
  "cpl": 324,
  "filePath": "src\\other\\oracleBatchWriter.ts",
  "pos": 3480
 },
 {
  "cpl": 96,
  "filePath": "src\\tests\\global_tests.test.ts",
  "pos": 1161
 },
 {
  "cpl": 105,
  "filePath": "src\\tests\\global_tests.test.ts",
  "pos": 1426
 },
 {
  "cpl": 106,
  "filePath": "src\\tests\\global_tests.test.ts",
  "pos": 2292
 },
 {
  "cpl": 107,
  "filePath": "src\\tests\\global_tests.test.ts",
  "pos": 2533
 },
 {
  "cpl": 191,
  "filePath": "src\\tests\\global_tests_env.test.ts",
  "pos": 1992
 },
 {
  "cpl": 25,
  "filePath": "src\\tests\\global_tests_env.test.ts",
  "pos": 2520
 },
 {
  "cpl": 12,
  "filePath": "src\\tests\\global_tests_env.test.ts",
  "pos": 2731
 },
 {
  "cpl": 14,
  "filePath": "src\\tests\\global_tests_env.test.ts",
  "pos": 3170
 },
 {
  "cpl": 15,
  "filePath": "src\\tests\\global_tests_env.test.ts",
  "pos": 3223
 },
 {
  "cpl": 16,
  "filePath": "src\\tests\\global_tests_env.test.ts",
  "pos": 3277
 },
 {
  "cpl": 17,
  "filePath": "src\\tests\\global_tests_env.test.ts",
  "pos": 4093
 },
 {
  "cpl": 18,
  "filePath": "src\\tests\\global_tests_env.test.ts",
  "pos": 4158
 },
 {
  "cpl": 19,
  "filePath": "src\\tests\\global_tests_env.test.ts",
  "pos": 4855
 },
 {
  "cpl": 188,
  "filePath": "src\\tests\\global_tests_env.test.ts",
  "pos": 4940
 },
 {
  "cpl": 189,
  "filePath": "src\\tests\\global_tests_env.test.ts",
  "pos": 6796
 },
 {
  "cpl": 190,
  "filePath": "src\\tests\\global_tests_env.test.ts",
  "pos": 7591
 },
 {
  "cpl": 192,
  "filePath": "src\\tests\\global_tests_env.test.ts",
  "pos": 7832
 },
 {
  "cpl": 296,
  "filePath": "src\\Yjira\\JiraStub.ts",
  "pos": 3078
 },
 {
  "cpl": 108,
  "filePath": "src\\Yjira\\JiraStub.ts",
  "pos": 3327
 },
 {
  "cpl": 185,
  "filePath": "src\\Yjira\\JiraStub.ts",
  "pos": 5348
 },
 {
  "cpl": 109,
  "filePath": "src\\Yjira\\JiraStub.ts",
  "pos": 5611
 },
 {
  "cpl": 27,
  "filePath": "src\\Yjira\\JiraStub.ts",
  "pos": 5806
 },
 {
  "cpl": 28,
  "filePath": "src\\Yjira\\JiraStub.ts",
  "pos": 6312
 },
 {
  "cpl": 313,
  "filePath": "src\\Yjira\\JiraStub.ts",
  "pos": 6586
 },
 {
  "cpl": 29,
  "filePath": "src\\Yjira\\JiraWrapper.ts",
  "pos": 14669
 },
 {
  "cpl": 30,
  "filePath": "src\\Yjira\\JiraWrapper.ts",
  "pos": 14900
 },
 {
  "cpl": 31,
  "filePath": "src\\Yjira\\JiraWrapper.ts",
  "pos": 15415
 },
 {
  "cpl": 32,
  "filePath": "src\\Yjira\\JiraWrapper.ts",
  "pos": 16839
 },
 {
  "cpl": 207,
  "filePath": "src\\Yjira\\JiraWrapper.ts",
  "pos": 19934
 },
 {
  "cpl": 297,
  "filePath": "src\\Yjob\\auxLogic_refreshStatus.ts",
  "pos": 1387
 },
 {
  "cpl": 200,
  "filePath": "src\\Yjob\\auxLogic_refreshStatus.ts",
  "pos": 3264
 },
 {
  "cpl": 99,
  "filePath": "src\\Yjob\\auxLogic_refreshStatus.ts",
  "pos": 3678
 },
 {
  "cpl": 210,
  "filePath": "src\\Yjob\\batchWriter.ts",
  "pos": 6284
 },
 {
  "cpl": 301,
  "filePath": "src\\Yjob\\Job.ts",
  "pos": 4080
 },
 {
  "cpl": 302,
  "filePath": "src\\Yjob\\Job.ts",
  "pos": 5993
 },
 {
  "cpl": 59,
  "filePath": "src\\Yjob\\JobContext.ts",
  "pos": 5866
 },
 {
  "cpl": 118,
  "filePath": "src\\Yjob\\JobContext.ts",
  "pos": 8605
 },
 {
  "cpl": 303,
  "filePath": "src\\Yjob\\JobContextType.ts",
  "pos": 1373
 },
 {
  "cpl": 304,
  "filePath": "src\\Yjob\\JobContextType.ts",
  "pos": 2368
 },
 {
  "cpl": 305,
  "filePath": "src\\Yjob\\JobContextType.ts",
  "pos": 2978
 },
 {
  "cpl": 173,
  "filePath": "src\\Yjob\\JobFieldMeta.ts",
  "pos": 6200
 },
 {
  "cpl": 322,
  "filePath": "src\\Yjob\\JobFieldsServer.ts",
  "pos": 7551
 },
 {
  "cpl": 323,
  "filePath": "src\\Yjob\\JobFieldsServer.ts",
  "pos": 12778
 },
 {
  "cpl": 208,
  "filePath": "src\\Yjob\\JobStorage.ts",
  "pos": 9009
 },
 {
  "cpl": 209,
  "filePath": "src\\Yjob\\JobStorage.ts",
  "pos": 9208
 },
 {
  "cpl": 288,
  "filePath": "src\\Yjob\\JobStorage.ts",
  "pos": 9446
 },
 {
  "cpl": 289,
  "filePath": "src\\Yjob\\JobStorage.ts",
  "pos": 9792
 },
 {
  "cpl": 290,
  "filePath": "src\\Yjob\\JobStorage.ts",
  "pos": 14779
 },
 {
  "cpl": 276,
  "filePath": "src\\Yjob\\JobStorage.ts",
  "pos": 17258
 },
 {
  "cpl": 292,
  "filePath": "src\\Yjob\\JobStorage.ts",
  "pos": 20870
 },
 {
  "cpl": 100,
  "filePath": "src\\Yjob\\JobStorage.ts",
  "pos": 23679
 },
 {
  "cpl": 293,
  "filePath": "src\\Yjob\\JobType.ts",
  "pos": 3414
 },
 {
  "cpl": 294,
  "filePath": "src\\Yjob\\JobType.ts",
  "pos": 5082
 },
 {
  "cpl": 177,
  "filePath": "src\\Yjob\\JobType.ts",
  "pos": 7778
 },
 {
  "cpl": 234,
  "filePath": "src\\Yjob\\JobType.ts",
  "pos": 10242
 },
 {
  "cpl": 314,
  "filePath": "src\\Yjob\\JobType.ts",
  "pos": 10685
 },
 {
  "cpl": 299,
  "filePath": "src\\Yjob\\JobType.ts",
  "pos": 11111
 },
 {
  "cpl": 319,
  "filePath": "src\\Yjob\\JobType.ts",
  "pos": 11527
 },
 {
  "cpl": 320,
  "filePath": "src\\Yjob\\JobType.ts",
  "pos": 11623
 },
 {
  "cpl": 300,
  "filePath": "src\\Yjob\\mainLogic_JobLifeCycle.ts",
  "pos": 1004
 },
 {
  "cpl": 124,
  "filePath": "src\\Yjob\\mainLogic_JobLifeCycle.ts",
  "pos": 1111
 },
 {
  "cpl": 317,
  "filePath": "src\\Yjob\\mainLogic_JobLifeCycle.ts",
  "pos": 1312
 },
 {
  "cpl": 201,
  "filePath": "src\\Yjob\\mainLogic_JobLifeCycle.ts",
  "pos": 2126
 },
 {
  "cpl": 121,
  "filePath": "src\\Yjob\\mainLogic_JobLifeCycle.ts",
  "pos": 2758
 },
 {
  "cpl": 181,
  "filePath": "src\\Yjob\\mainLogic_JobLifeCycle.ts",
  "pos": 3754
 },
 {
  "cpl": 321,
  "filePath": "src\\Yjob\\mainLogic_JobLifeCycle.ts",
  "pos": 4098
 },
 {
  "cpl": 206,
  "filePath": "src\\Yjob\\mainLogic_JobLifeCycle.ts",
  "pos": 6272
 },
 {
  "cpl": 119,
  "filePath": "src\\Yjob\\mainLogic_JobLifeCycle.ts",
  "pos": 7163
 },
 {
  "cpl": 120,
  "filePath": "src\\Yjob\\mainLogic_JobLifeCycle.ts",
  "pos": 7465
 },
 {
  "cpl": 129,
  "filePath": "src\\Yjob\\mainLogic_JobLifeCycle.ts",
  "pos": 7802
 },
 {
  "cpl": 130,
  "filePath": "src\\Yjob\\mainLogic_JobLifeCycle.ts",
  "pos": 7945
 },
 {
  "cpl": 316,
  "filePath": "src\\Yjob\\mainLogic_loadUnload.ts",
  "pos": 2324
 },
 {
  "cpl": 315,
  "filePath": "src\\Yjob\\mainLogic_loadUnload.ts",
  "pos": 5959
 },
 {
  "cpl": 291,
  "filePath": "src\\Yjob\\mainLogic_loadUnload.ts",
  "pos": 6174
 },
 {
  "cpl": 279,
  "filePath": "src\\Yjob\\mainLogic_startJobs.ts",
  "pos": 3029
 },
 {
  "cpl": 275,
  "filePath": "src\\Yjob\\mainLogic_startJobs.ts",
  "pos": 3286
 },
 {
  "cpl": 277,
  "filePath": "src\\Yjob\\yjob_tests_env.test.ts",
  "pos": 1988
 },
 {
  "cpl": 237,
  "filePath": "src\\Yjob\\yjob_tests_env.test.ts",
  "pos": 2320
 },
 {
  "cpl": 186,
  "filePath": "src\\Yjob\\yjob_tests_env.test.ts",
  "pos": 2477
 },
 {
  "cpl": 21,
  "filePath": "src\\Yjob\\yjob_tests_env.test.ts",
  "pos": 2658
 },
 {
  "cpl": 1,
  "filePath": "src\\Yjob\\yjob_tests_env.test.ts",
  "pos": 2990
 },
 {
  "cpl": 22,
  "filePath": "src\\Yjob\\yjob_tests_env.test.ts",
  "pos": 3147
 },
 {
  "cpl": 253,
  "filePath": "src\\Yjob\\yjob_tests_env.test.ts",
  "pos": 3328
 },
 {
  "cpl": 23,
  "filePath": "src\\Yjob\\yjob_tests_env.test.ts",
  "pos": 3660
 },
 {
  "cpl": 254,
  "filePath": "src\\Yjob\\yjob_tests_env.test.ts",
  "pos": 3817
 },
 {
  "cpl": 255,
  "filePath": "src\\Yjob\\yjob_tests_env.test.ts",
  "pos": 3998
 },
 {
  "cpl": 24,
  "filePath": "src\\Yjob\\yjob_tests_env.test.ts",
  "pos": 4330
 },
 {
  "cpl": 284,
  "filePath": "src\\Yjob\\yjob_tests_env.test.ts",
  "pos": 4487
 },
 {
  "cpl": 285,
  "filePath": "src\\Yjob\\yjob_tests_env.test.ts",
  "pos": 5524
 },
 {
  "cpl": 131,
  "filePath": "src\\Yoracle\\funcs.ts",
  "pos": 565
 },
 {
  "cpl": 132,
  "filePath": "src\\Yoracle\\funcs.ts",
  "pos": 904
 },
 {
  "cpl": 133,
  "filePath": "src\\Yoracle\\funcs.ts",
  "pos": 1371
 },
 {
  "cpl": 134,
  "filePath": "src\\Yoracle\\funcs.ts",
  "pos": 1512
 },
 {
  "cpl": 135,
  "filePath": "src\\Yoracle\\funcs.ts",
  "pos": 1640
 },
 {
  "cpl": 136,
  "filePath": "src\\Yoracle\\funcs.ts",
  "pos": 1944
 },
 {
  "cpl": 137,
  "filePath": "src\\Yoracle\\funcs.ts",
  "pos": 2047
 },
 {
  "cpl": 138,
  "filePath": "src\\Yoracle\\funcs.ts",
  "pos": 2315
 },
 {
  "cpl": 139,
  "filePath": "src\\Yoracle\\funcs.ts",
  "pos": 2418
 },
 {
  "cpl": 140,
  "filePath": "src\\Yoracle\\funcs.ts",
  "pos": 2494
 },
 {
  "cpl": 193,
  "filePath": "src\\Yoracle\\OracleStub.ts",
  "pos": 1520
 },
 {
  "cpl": 194,
  "filePath": "src\\Yoracle\\OracleStub.ts",
  "pos": 1756
 },
 {
  "cpl": 195,
  "filePath": "src\\Yoracle\\OracleStub.ts",
  "pos": 1905
 },
 {
  "cpl": 196,
  "filePath": "src\\Yoracle\\OracleStub.ts",
  "pos": 3195
 },
 {
  "cpl": 95,
  "filePath": "src\\Yoracle\\OracleStub.ts",
  "pos": 4200
 },
 {
  "cpl": 295,
  "filePath": "src\\YsqlLog\\SqliteLog.ts",
  "pos": 5819
 },
 {
  "cpl": 278,
  "filePath": "src\\Ystd\\globalHandler.ts",
  "pos": 296
 },
 {
  "cpl": 287,
  "filePath": "src\\Ystd\\projectDir.ts",
  "pos": 566
 }
]